path,license,author,url
client/textures/illarion/chars/*,see models/,see models/,see models/
client/textures/illarion/items/*,see models/,see models/,see models/
client/textures/illarion/items/amethyst.png,CC0,Melissa Krautheim,https://opengameart.org/content/fantasy-crystal-set
client/textures/illarion/items/amethyst_uncut.png,CC0,BlayTheNinth; Melissa Krautheim,https://seleneworlds.com; https://opengameart.org/content/fantasy-crystal-set
client/textures/illarion/items/apple.png,CC0,Tanya Riarey,https://opengameart.org/content/2d-game-icons-fruits-vegetables
client/textures/illarion/items/armor.png,CC0,Flare,https://opengameart.org/content/cc0-torso-wear-icons
client/textures/illarion/items/arrow.png,CC0,Dungeon Crawl Stone Soup,https://opengameart.org/content/cc0-ranged-icons
client/textures/illarion/items/ash.png,CC0,BlayTheNinth; Melissa Krautheim,https://seleneworlds.com; https://opengameart.org/content/resource-pack-1
client/textures/illarion/items/bag.png,CC0,Melissa Krautheim,https://opengameart.org/content/fantasy-magic-set
client/textures/illarion/items/ball_of_wool.png,CC0,BlayTheNinth; Melissa Krautheim,https://seleneworlds.com; https://opengameart.org/content/resource-pack-1
client/textures/illarion/items/banane.png,CC0,Tanya Riarey,https://opengameart.org/content/2d-game-icons-fruits-vegetables
client/textures/illarion/items/basket.png,CC0,Idylwild,https://opengameart.org/content/idylwilds-inventory
client/textures/illarion/items/berries.png,CC0,Tanya Riarey,https://opengameart.org/content/2d-game-icons-fruits-vegetables
client/textures/illarion/items/blackstone.png,CC0,BlayTheNinth; Melissa Krautheim,https://seleneworlds.com; https://opengameart.org/content/fantasy-crystal-set
client/textures/illarion/items/blackstone_uncut.png,CC0,BlayTheNinth; Melissa Krautheim,https://seleneworlds.com; https://opengameart.org/content/fantasy-crystal-set
client/textures/illarion/items/blade.png,CC0,BlayTheNinth; Melissa Krautheim,https://seleneworlds.com; https://opengameart.org/content/fantasy-sword-set
client/textures/illarion/items/blocked.png,CC0,BlayTheNinth,https://seleneworlds.com
client/textures/illarion/items/blood.png,CC0,AntumDeluge,https://opengameart.org/content/blood-splatters
client/textures/illarion/items/blueberries.png,CC0,BlayTheNinth; Tanya Riarey,https://seleneworlds.com; https://opengameart.org/content/2d-game-icons-fruits-vegetables
client/textures/illarion/items/bluestone.png,CC0,BlayTheNinth; Melissa Krautheim,https://seleneworlds.com; https://opengameart.org/content/fantasy-crystal-set
client/textures/illarion/items/bluestone_uncut.png,CC0,BlayTheNinth; Melissa Krautheim,https://seleneworlds.com; https://opengameart.org/content/fantasy-crystal-set
client/textures/illarion/items/bolt.png,CC0,Dungeon Crawl Stone Soup,https://opengameart.org/content/cc0-ranged-icons
client/textures/illarion/items/book.png,CC0,Melissa Krautheim,https://opengameart.org/content/fantasy-magic-set
client/textures/illarion/items/boots_chain.png,CC0,Flare,https://opengameart.org/content/cc0-footgear-icons
client/textures/illarion/items/boots_leather.png,CC0,Flare,https://opengameart.org/content/cc0-footgear-icons
client/textures/illarion/items/boots_plate.png,CC0,Flare,https://opengameart.org/content/cc0-footgear-icons
client/textures/illarion/items/boots_robe.png,CC0,Flare,https://opengameart.org/content/cc0-footgear-icons
client/textures/illarion/items/bottle.png,CC0,BlayTheNinth; Melissa Krautheim,https://opengameart.org/content/fantasy-magic-set
client/textures/illarion/items/bow.png,CC0,Dungeon Crawl Stone Soup,https://opengameart.org/content/cc0-ranged-icons
client/textures/illarion/items/bowl.png,CC0,Dungeon Crawl Stone Soup,https://opengameart.org/content/cc0-tableware-icons
client/textures/illarion/items/branch.png,CC0,Idylwild,https://opengameart.org/content/idylwilds-inventory
client/textures/illarion/items/bread.png,CC0,Idylwild,https://opengameart.org/content/idylwilds-inventory
client/textures/illarion/items/bricks.png,CC0,Melissa Krautheim,https://opengameart.org/content/resource-pack-1
client/textures/illarion/items/brush.png,CC0,BlayTheNinth; bluecarrot16,https://seleneworlds.com; https://opengameart.org/node/98209
client/textures/illarion/items/bucket.png,CC0,Idylwild,https://opengameart.org/content/idylwilds-inventory
client/textures/illarion/items/cabbage.png,CC0,Kiririnochka,https://opengameart.org/content/vegetables
client/textures/illarion/items/candle.png,CC0,BlayTheNinth; thekingphoenix,https://opengameart.org/node/77305
client/textures/illarion/items/carrot.png,CC0,Kiririnochka,https://opengameart.org/content/vegetables
client/textures/illarion/items/cauldron.png,CC0,Melissa Krautheim,https://opengameart.org/content/fantasy-magic-set
client/textures/illarion/items/cereals.png,CC0,ScratchIO,https://opengameart.org/content/2d-cereals
client/textures/illarion/items/chainmail.png,CC0,Flare,https://opengameart.org/content/cc0-torso-wear-icons
client/textures/illarion/items/cherries.png,CC0,BlayTheNinth; Melissa Krautheim,https://seleneworlds.com; https://seleneworlds.com; https://opengameart.org/content/resource-pack-1
client/textures/illarion/items/clay.png,CC0,BlayTheNinth; Melissa Krautheim,https://seleneworlds.com; https://opengameart.org/content/resource-pack-1
client/textures/illarion/items/cloth.png,CC0,Idylwild,https://opengameart.org/content/idylwilds-inventory
client/textures/illarion/items/club.png,CC0,Flare,https://opengameart.org/content/cc0-club-icons
client/textures/illarion/items/coal.png,CC0,Melissa Krautheim,https://opengameart.org/content/resource-pack-1
client/textures/illarion/items/coarse_sand.png,CC0,BlayTheNinth; ScratchIO,https://seleneworlds.com; https://opengameart.org/content/2d-cereals
client/textures/illarion/items/comb.png,CC0,BlayTheNinth; bluecarrot16,https://seleneworlds.com; https://opengameart.org/node/98209
client/textures/illarion/items/cookies.png,CC0,BlayTheNinth; bluecarrot16,https://seleneworlds.com; https://opengameart.org/node/98209
client/textures/illarion/items/copper_coins.png,CC0,BlayTheNinth;Dungeon Crawl Stone Soup,https://seleneworlds.com; https://opengameart.org/content/cc0-currency-icons
client/textures/illarion/items/copper_ingot.png,CC0,BlayTheNinth; Melissa Krautheim,https://seleneworlds.com; https://opengameart.org/content/resource-pack-1
client/textures/illarion/items/copper_ore.png,CC0,BlayTheNinth; Melissa Krautheim,https://seleneworlds.com; https://opengameart.org/content/resource-pack-1
client/textures/illarion/items/crossbow.png,CC0,Dungeon Crawl Stone Soup,https://opengameart.org/content/cc0-ranged-icons
client/textures/illarion/items/crown.png,CC0,Bonsaiheldin,https://opengameart.org/content/gold-treasure-icons-16x16
client/textures/illarion/items/crucible.png,CC0,BlayTheNinth; Idylwild,https://seleneworlds.com; https://opengameart.org/content/idylwilds-arcanum
client/textures/illarion/items/dealer_button.png,CC0,BlayTheNinth;Dungeon Crawl Stone Soup,https://seleneworlds.com; https://opengameart.org/content/cc0-currency-icons
client/textures/illarion/items/diadem.png,CC0,BlayTheNinth; 7Soul1,https://seleneworlds.com; https://www.deviantart.com/7soul1/art/129892453
client/textures/illarion/items/diamond.png,CC0,Melissa Krautheim,https://opengameart.org/content/fantasy-crystal-set
client/textures/illarion/items/diamond_uncut.png,CC0,BlayTheNinth; Melissa Krautheim,https://seleneworlds.com; https://opengameart.org/content/fantasy-crystal-set
client/textures/illarion/items/dough.png,CC0,BlayTheNinth; Melissa Krautheim,https://seleneworlds.com; https://opengameart.org/content/dragon-eggs
client/textures/illarion/items/dragon_egg.png,CC0,Melissa Krautheim,https://opengameart.org/content/dragon-eggs
client/textures/illarion/items/drum.png,CC0,BlayTheNinth; rubberduck,https://seleneworlds.com; https://opengameart.org/content/isometric-props-and-tents
client/textures/illarion/items/emerald.png,CC0,Melissa Krautheim,https://opengameart.org/content/fantasy-crystal-set
client/textures/illarion/items/emerald_uncut.png,CC0,BlayTheNinth; Melissa Krautheim,https://seleneworlds.com; https://opengameart.org/content/fantasy-crystal-set
client/textures/illarion/items/entrails.png,CC0,BlayTheNinth; Reactorcore,https://seleneworlds.com; https://opengameart.org/content/gore-blood-gibs-meat-chunks
client/textures/illarion/items/feather.png,CC0,Idylwild,https://opengameart.org/content/idylwilds-inventory
client/textures/illarion/items/fireroot.png,CC0,BlayTheNinth; AntumDeluge,https://seleneworlds.com; https://opengameart.org/content/cc0-herb-icons
client/textures/illarion/items/fish.png,CC0,Melissa Krautheim,https://opengameart.org/content/resource-pack-1
client/textures/illarion/items/fishing_rod.png,CC0,Idylwild,https://opengameart.org/content/idylwilds-inventory
client/textures/illarion/items/flail.png,CC0,BlayTheNinth,https://seleneworlds.com
client/textures/illarion/items/flour.png,CC0,Idylwild,https://opengameart.org/content/idylwilds-inventory
client/textures/illarion/items/flower.png,CC0,Aswino,https://opengameart.org/content/tileset-pixel
client/textures/illarion/items/gem_dust.png,CC0,BlayTheNinth; Idylwild,https://seleneworlds.com; https://opengameart.org/content/idylwilds-inventory
client/textures/illarion/items/gem_uncut.png,CC0,BlayTheNinth; Melissa Krautheim,https://seleneworlds.com; https://opengameart.org/content/fantasy-crystal-set
client/textures/illarion/items/glass_ingot.png,CC0,BlayTheNinth; Melissa Krautheim,https://seleneworlds.com; https://opengameart.org/content/resource-pack-1
client/textures/illarion/items/gloves_chain.png,CC0,Flare,https://opengameart.org/content/cc0-hand-wear-icons
client/textures/illarion/items/gloves_fingerless.png,CC0,Flare,https://opengameart.org/content/cc0-hand-wear-icons
client/textures/illarion/items/gloves_leather.png,CC0,Flare,https://opengameart.org/content/cc0-hand-wear-icons
client/textures/illarion/items/gloves_plate.png,CC0,Flare,https://opengameart.org/content/cc0-hand-wear-icons
client/textures/illarion/items/gold_coins.png,CC0,Dungeon Crawl Stone Soup,https://opengameart.org/content/cc0-currency-icons
client/textures/illarion/items/gold_ingot.png,CC0,Melissa Krautheim,https://opengameart.org/content/resource-pack-1
client/textures/illarion/items/gold_ore.png,CC0,BlayTheNinth; Melissa Krautheim,https://seleneworlds.com; https://opengameart.org/content/resource-pack-1
client/textures/illarion/items/grains.png,CC0,ScratchIO,https://opengameart.org/content/2d-cereals
client/textures/illarion/items/green_blood.png,CC0,AntumDeluge,https://opengameart.org/content/blood-splatters
client/textures/illarion/items/green_potion.png,CC0,Melissa Krautheim,https://opengameart.org/content/fantasy-magic-set
client/textures/illarion/items/handcuffs.png,CC0,cesca-specs,https://opengameart.org/content/handcuffs-0
client/textures/illarion/items/handkerchief.png,CC0,Kutejnikov,https://opengameart.org/content/papers
client/textures/illarion/items/harp.png,CC0,OpenClipArt,https://opengameart.org/content/cc0-music-icons
client/textures/illarion/items/hat.png,CC0,Melissa Krautheim,https://opengameart.org/content/fantasy-magic-set
client/textures/illarion/items/helmet.png,CC0,Flare,https://opengameart.org/content/cc0-headgear-icons
client/textures/illarion/items/herb.png,CC0,Idylwild,https://opengameart.org/content/idylwilds-inventory
client/textures/illarion/items/horn.png,CC0,BlayTheNinth; bluecarrot16,https://seleneworlds.com; https://opengameart.org/node/98209
client/textures/illarion/items/invisible_item.png,CC0,BlayTheNinth,https://seleneworlds.com
client/textures/illarion/items/iron_ingot.png,CC0,Melissa Krautheim,https://opengameart.org/content/resource-pack-1
client/textures/illarion/items/iron_ore.png,CC0,BlayTheNinth; Melissa Krautheim,https://seleneworlds.com; https://opengameart.org/content/resource-pack-1
client/textures/illarion/items/iron_plate.png,CC0,BlayTheNinth; Melissa Krautheim,https://seleneworlds.com; https://opengameart.org/content/resource-pack-1
client/textures/illarion/items/key.png,CC0,7Soul1,https://www.deviantart.com/7soul1/art/129892453
client/textures/illarion/items/lamp_oil.png,CC0,BlayTheNinth; Melissa Krautheim,https://opengameart.org/content/fantasy-magic-set
client/textures/illarion/items/lantern.png,CC0,Dungeon Crawl Stone Soup,https://opengameart.org/content/cc0-light-icons
client/textures/illarion/items/lantern_lit.png,CC0,Dungeon Crawl Stone Soup,https://opengameart.org/content/cc0-light-icons
client/textures/illarion/items/leather.png,CC0,Idylwild,https://opengameart.org/content/idylwilds-inventory
client/textures/illarion/items/leather_armor.png,CC0,Flare,https://opengameart.org/content/cc0-torso-wear-icons
client/textures/illarion/items/leggings_chain.png,CC0,Flare,https://opengameart.org/content/cc0-leggings-icons
client/textures/illarion/items/leggings_cloth.png,CC0,BlayTheNinth; Flare,https://seleneworlds.com; https://opengameart.org/content/cc0-leggings-icons
client/textures/illarion/items/leggings_leather.png,CC0,Flare,https://opengameart.org/content/cc0-leggings-icons
client/textures/illarion/items/leggings_plate.png,CC0,Flare,https://opengameart.org/content/cc0-leggings-icons
client/textures/illarion/items/lockpicks.png,CC0,BlayTheNinth; bluecarrot16,https://seleneworlds.com; https://opengameart.org/node/98209
client/textures/illarion/items/logs.png,CC0,Melissa Krautheim,https://opengameart.org/content/resource-pack-1
client/textures/illarion/items/longbow.png,CC0,Dungeon Crawl Stone Soup,https://opengameart.org/content/cc0-ranged-icons
client/textures/illarion/items/lute.png,CC0,OpenClipArt,https://opengameart.org/content/cc0-music-icons
client/textures/illarion/items/magic_bow.png,CC0,Dungeon Crawl Stone Soup,https://opengameart.org/content/cc0-ranged-icons
client/textures/illarion/items/mandarine.png,CC0,Tanya Riarey,https://opengameart.org/content/2d-game-icons-fruits-vegetables
client/textures/illarion/items/medal.png,CC0,BlayTheNinth; bluecarrot16,https://seleneworlds.com; https://opengameart.org/node/98209
client/textures/illarion/items/merinium_ingot.png,CC0,BlayTheNinth; Melissa Krautheim,https://seleneworlds.com; https://opengameart.org/content/resource-pack-1
client/textures/illarion/items/merinium_ore.png,CC0,BlayTheNinth; Melissa Krautheim,https://seleneworlds.com; https://opengameart.org/content/resource-pack-1
client/textures/illarion/items/mirror.png,CC0,BlayTheNinth; Idylwild,https://seleneworlds.com; https://opengameart.org/content/idylwilds-inventory
client/textures/illarion/items/mold.png,CC0,bluecarrot16,https://opengameart.org/node/98209
client/textures/illarion/items/mortar_and_pestle.png,CC0,Idylwild,https://opengameart.org/content/idylwilds-arcanum
client/textures/illarion/items/muffin.png,CC0,BlayTheNinth; bluecarrot16,https://seleneworlds.com; https://opengameart.org/node/98209
client/textures/illarion/items/mug.png,CC0,Idylwild,https://opengameart.org/content/idylwilds-inventory
client/textures/illarion/items/mushroom.png,CC0,Idylwild,https://opengameart.org/content/idylwilds-inventory
client/textures/illarion/items/nails.png,CC0,Glitch,https://opengameart.org/content/100-glitch-icons
client/textures/illarion/items/necklace.png,CC0,7Soul1,https://www.deviantart.com/7soul1/art/129892453
client/textures/illarion/items/needle.png,CC0,BlayTheNinth,https://seleneworlds.com
client/textures/illarion/items/nuts.png,CC0,Idylwild,https://opengameart.org/content/idylwilds-inventory
client/textures/illarion/items/oil_lamp.png,CC0,BlayTheNinth,https://seleneworlds.com
client/textures/illarion/items/oil_lamp_lit.png,CC0,BlayTheNinth,https://seleneworlds.com
client/textures/illarion/items/onion.png,CC0,Tanya Riarey,https://opengameart.org/content/2d-game-icons-fruits-vegetables
client/textures/illarion/items/panflute.png,CC0,BlayTheNinth; bluecarrot16,https://seleneworlds.com; https://opengameart.org/node/98209
client/textures/illarion/items/peel.png,CC0,BlayTheNinth;Idylwild,https://seleneworlds.com; https://opengameart.org/content/idylwilds-inventory
client/textures/illarion/items/pie.png,CC0,bluecarrot16,https://opengameart.org/node/98209
client/textures/illarion/items/pincers.png,CC0,Glitch,https://opengameart.org/content/100-glitch-icons
client/textures/illarion/items/pipe.png,CC0,BlayTheNinth; bluecarrot16,https://seleneworlds.com; https://opengameart.org/node/98209
client/textures/illarion/items/planks.png,CC0,Melissa Krautheim,https://opengameart.org/content/resource-pack-1
client/textures/illarion/items/plate.png,CC0,BlayTheNinth; Idylwild,https://seleneworlds.com; https://opengameart.org/content/idylwilds-inventory
client/textures/illarion/items/plate_dish.png,CC0,BlayTheNinth; Idylwild,https://seleneworlds.com; https://opengameart.org/content/idylwilds-inventory
client/textures/illarion/items/poison_arrow.png,CC0,Dungeon Crawl Stone Soup,https://opengameart.org/content/cc0-ranged-icons
client/textures/illarion/items/pure_air.png,CC0,BlayTheNinth; Melissa Krautheim,https://seleneworlds.com; https://opengameart.org/content/dragon-eggs
client/textures/illarion/items/pure_earth.png,CC0,Melissa Krautheim,https://opengameart.org/content/dragon-eggs
client/textures/illarion/items/pure_fire.png,CC0,Melissa Krautheim,https://opengameart.org/content/dragon-eggs
client/textures/illarion/items/pure_water.png,CC0,Melissa Krautheim,https://opengameart.org/content/dragon-eggs
client/textures/illarion/items/raw_hide.png,CC0,Idylwild,https://opengameart.org/content/idylwilds-inventory
client/textures/illarion/items/red_berries.png,CC0,Melissa Krautheim,https://opengameart.org/content/resource-pack-1
client/textures/illarion/items/red_potion.png,CC0,Melissa Krautheim,https://opengameart.org/content/fantasy-magic-set
client/textures/illarion/items/ring.png,CC0,Kutejnikov,https://opengameart.org/content/17-rings
client/textures/illarion/items/robe.png,CC0,Flare,https://opengameart.org/content/cc0-torso-wear-icons
client/textures/illarion/items/root.png,CC0,AntumDeluge,https://opengameart.org/content/cc0-herb-icons
client/textures/illarion/items/rope.png,CC0,Idylwild,https://opengameart.org/content/idylwilds-inventory
client/textures/illarion/items/ruby.png,CC0,Melissa Krautheim,https://opengameart.org/content/fantasy-crystal-set
client/textures/illarion/items/ruby_uncut.png,CC0,BlayTheNinth; Melissa Krautheim,https://seleneworlds.com; https://opengameart.org/content/fantasy-crystal-set
client/textures/illarion/items/sand.png,CC0,BlayTheNinth; Melissa Krautheim,https://seleneworlds.com; https://opengameart.org/content/resource-pack-1
client/textures/illarion/items/sandals.png,CC0,Flare,https://opengameart.org/content/cc0-footgear-icons
client/textures/illarion/items/sausage.png,CC0,jetrel,https://opengameart.org/node/4531
client/textures/illarion/items/scissors.png,CC0,BlayTheNinth; OpenClipArt,https://seleneworlds.com; https://opengameart.org/content/cc0-tool-icons
client/textures/illarion/items/scroll.png,CC0,Melissa Krautheim,https://opengameart.org/content/fantasy-magic-set
client/textures/illarion/items/seeds.png,CC0,BlayTheNinth; Idylwild,https://seleneworlds.com; https://opengameart.org/content/idylwilds-inventory
client/textures/illarion/items/shield.png,CC0,LordNeo,https://opengameart.org/node/10892
client/textures/illarion/items/shield_round.png,CC0,LordNeo,https://opengameart.org/node/10893
client/textures/illarion/items/shirt.png,CC0,Flare,https://opengameart.org/content/cc0-torso-wear-icons
client/textures/illarion/items/shortbow.png,CC0,Dungeon Crawl Stone Soup,https://opengameart.org/content/cc0-ranged-icons
client/textures/illarion/items/shovel.png,CC0,Idylwild,https://opengameart.org/content/idylwilds-inventory
client/textures/illarion/items/shovelhead.png,CC0,BlayTheNinth; Idylwild,https://seleneworlds.com; https://opengameart.org/content/idylwilds-inventory
client/textures/illarion/items/silver_coins.png,CC0,BlayTheNinth;Dungeon Crawl Stone Soup,https://seleneworlds.com; https://opengameart.org/content/cc0-currency-icons
client/textures/illarion/items/silver_ingot.png,CC0,BlayTheNinth; Melissa Krautheim,https://seleneworlds.com; https://opengameart.org/content/resource-pack-1
client/textures/illarion/items/skirt.png,CC0,Flare,https://opengameart.org/content/cc0-leggings-icons
client/textures/illarion/items/sling.png,CC0,Dungeon Crawl Stone Soup,https://opengameart.org/content/cc0-ranged-icons
client/textures/illarion/items/smoked_fish.png,CC0,BlayTheNinth; Melissa Krautheim,https://seleneworlds.com; https://opengameart.org/content/resource-pack-1
client/textures/illarion/items/soup.png,CC0,BlayTheNinth; Dungeon Crawl Stone Soup,https://seleneworlds.com; https://opengameart.org/content/cc0-tableware-icons
client/textures/illarion/items/stones.png,CC0,BlayTheNinth; Melissa Krautheim,https://seleneworlds.com; https://opengameart.org/content/resource-pack-1
client/textures/illarion/items/sugarcane.png,CC0,Idylwild,https://opengameart.org/content/idylwilds-inventory
client/textures/illarion/items/sword.png,CC0,Melissa Krautheim,https://opengameart.org/content/fantasy-sword-set
client/textures/illarion/items/thread.png,CC0,Idylwild,https://opengameart.org/content/idylwilds-inventory
client/textures/illarion/items/throwing_star.png,CC0,Loel,https://opengameart.org/content/shuriken-pixel-art
client/textures/illarion/items/tomato.png,CC0,Tanya Riarey,https://opengameart.org/content/2d-game-icons-fruits-vegetables
client/textures/illarion/items/topaz.png,CC0,Melissa Krautheim,https://opengameart.org/content/fantasy-crystal-set
client/textures/illarion/items/topaz_uncut.png,CC0,BlayTheNinth; Melissa Krautheim,https://seleneworlds.com; https://opengameart.org/content/fantasy-crystal-set
client/textures/illarion/items/torch.png,CC0,Idylwild,https://opengameart.org/content/idylwilds-inventory
client/textures/illarion/items/torch_lit.png,CC0,Idylwild,https://opengameart.org/content/idylwilds-inventory
client/textures/illarion/items/treasure_map.png,CC0,BlayTheNinth; Kutejnikov,https://seleneworlds.com; https://opengameart.org/content/papers
client/textures/illarion/items/trowel.png,CC0,Glitch,https://opengameart.org/content/100-glitch-icons
client/textures/illarion/items/unknownItem.png,CC0,twiswist,https://opengameart.org/content/inventory-filter-icons
client/textures/illarion/items/wax.png,CC0,bluecarrot16,https://opengameart.org/node/98209
client/textures/illarion/items/wheat.png,CC0,Idylwild,https://opengameart.org/content/idylwilds-inventory
client/textures/illarion/items/wind_arrow.png,CC0,BlayTheNinth; Dungeon Crawl Stone Soup,https://seleneworlds.com; https://opengameart.org/content/cc0-ranged-icons
client/textures/illarion/items/wood_nails.png,CC0,BlayTheNinth; Glitch,https://seleneworlds.com; https://opengameart.org/content/100-glitch-icons
client/textures/illarion/items/wood_plane.png,CC0,BlayTheNinth; bluecarrot16,https://seleneworlds.com; https://opengameart.org/node/98209
client/textures/illarion/items/wool.png,CC0,BlayTheNinth; Melissa Krautheim,https://seleneworlds.com; https://opengameart.org/content/resource-pack-1
client/textures/illarion/tiles/*,see tiles/,see tiles/,see tiles/
client/textures/illarion/tiles/invisible.png,CC0,BlayTheNinth,https://seleneworlds.com
client/textures/illarion/tiles/unknownTile.png,CC0,twiswist,https://opengameart.org/content/inventory-filter-icons
client/textures/illarion/ui/_default_.png,CC0,twiswist,https://opengameart.org/content/inventory-filter-icons
client/textures/illarion/ui/clock_dragon.png,CC0,BlayTheNinth; CC0 Textures,https://seleneworlds.com; https://cc0-textures.com/t/cc0t-painted-plaster-002
client/textures/illarion/ui/clock_temp.png,CC0,BlayTheNinth,https://seleneworlds.com
client/textures/illarion/ui/clock_time.png,CC0,BlayTheNinth,https://seleneworlds.com
client/textures/illarion/ui/cursor_combat.png,CC0,HomoHikka,https://opengameart.org/node/115091
client/textures/illarion/ui/cursor_magic.png,CC0,7Soul1,https://www.deviantart.com/7soul1/art/129892453
client/textures/illarion/ui/cursor_standard.png,CC0,itsmars,https://opengameart.org/content/gauntlet-cursor
client/textures/illarion/ui/cursor_use-0.png,CC0,yd,https://opengameart.org/node/12516
client/textures/illarion/ui/cursor_use-1.png,CC0,yd,https://opengameart.org/node/12516
client/textures/illarion/ui/fog_overlay.png,CC0,BlayTheNinth,https://seleneworlds.com
client/textures/illarion/ui/gui_bottom.png,CC0,BlayTheNinth; CC0 Textures,https://seleneworlds.com; https://cc0-textures.com/t/cc0t-bricks-084; https://cc0-textures.com/t/cc0t-painted-plaster-002
client/textures/illarion/ui/gui_bottom_low.png,CC0,BlayTheNinth; CC0 Textures,https://seleneworlds.com; https://cc0-textures.com/t/cc0t-bricks-084; https://cc0-textures.com/t/cc0t-painted-plaster-002
client/textures/illarion/ui/gui_counter.png,CC0,BlayTheNinth; CC0 Textures,https://seleneworlds.com; https://cc0-textures.com/t/cc0t-painted-plaster-002
client/textures/illarion/ui/gui_status.png,CC0,BlayTheNinth; Mumu; CC0 Textures,https://seleneworlds.com; https://cc0-textures.com/t/cc0t-painted-plaster-002; https://opengameart.org/content/health-or-mana-ui-bars
client/textures/illarion/ui/gui_top.png,CC0,BlayTheNinth; CC0 Textures,https://seleneworlds.com; https://cc0-textures.com/t/cc0t-bricks-084
client/textures/illarion/ui/gui_top_low.png,CC0,BlayTheNinth; CC0 Textures,https://seleneworlds.com; https://cc0-textures.com/t/cc0t-bricks-084
client/textures/illarion/ui/inv_slot-*.png,CC0,BlayTheNinth,https://seleneworlds.com
client/textures/illarion/ui/magic_select.png,CC0,BlayTheNinth,https://seleneworlds.com/
client/textures/illarion/ui/mark_fight.png,CC0,BlayTheNinth,https://seleneworlds.com
client/textures/illarion/ui/mark_magic-*.png,CC0,Cethiel,https://opengameart.org/content/weapon-slash-effect
client/textures/illarion/ui/mark_use.png,CC0,BlayTheNinth,https://seleneworlds.com
client/textures/illarion/ui/menu_book.png,CC0,yd,https://opengameart.org/content/fantasy-book
client/textures/illarion/ui/menu_close.png,CC0,BlayTheNinth; cron; Nia Mi,https://seleneworlds.com/; https://opengameart.org/content/old-parchment-paper; https://opengameart.org/content/medieval-wax-stamp-letters
client/textures/illarion/ui/menu_long.png,CC0,Chad Wolfe,https://opengameart.org/content/scroll-ui-container
client/textures/illarion/ui/menu_select.png,CC0,BlayTheNinth,https://seleneworlds.com/
client/textures/illarion/ui/menu_short.png,CC0,Chad Wolfe,https://opengameart.org/content/scroll-ui-container
client/textures/illarion/ui/rune_d*.png,CC0,7Soul1,https://www.deviantart.com/7soul1/art/129892453
client/textures/illarion/ui/rune_m*.png,CC0,mistergrey,https://opengameart.org/content/stone-tablet-shards
client/textures/illarion/ui/rune_n*.png,CC0,Jetrel,https://opengameart.org/node/4531
client/textures/illarion/ui/rune_p*.png,CC0,Jetrel,https://opengameart.org/node/4531
client/textures/illarion/ui/select_char.png,CC0,BlayTheNinth,https://seleneworlds.com
client/textures/illarion/ui/select_map.png,CC0,BlayTheNinth,https://seleneworlds.com
client/textures/illarion/ui/showcase_back.png,CC0,BlayTheNinth; PINKCANNON,https://seleneworlds.com; https://opengameart.org/content/game-wood-panel
client/textures/illarion/ui/skill_scale.png,CC0,BlayTheNinth,https://seleneworlds.com
client/textures/illarion/ui/snowflake.png,CC0,qubodup,https://opengameart.org/content/object-icons-approx-20px
client/textures/illarion/ui/speak_normal.png,CC0,BlayTheNinth; cron; qubodup,https://seleneworlds.com; https://opengameart.org/content/old-parchment-paper; https://opengameart.org/content/forum-controls
client/textures/illarion/ui/speak_ooc.png,CC0,BlayTheNinth; cron,https://seleneworlds.com; https://opengameart.org/content/old-parchment-paper
client/textures/illarion/ui/speak_shout.png,CC0,BlayTheNinth; cron,https://seleneworlds.com; https://opengameart.org/content/old-parchment-paper
client/textures/illarion/ui/speak_whisper.png,CC0,BlayTheNinth; cron,https://seleneworlds.com; https://opengameart.org/content/old-parchment-paper
client/textures/illarion/ui/spellbook_close.png,CC0,BlayTheNinth; GIMP,https://seleneworlds.com; https://www.gimp.org
client/textures/illarion/ui/spellbook_store.png,CC0,cat5isalive,https://opengameart.org/content/feather
client/textures/illarion/ui/status_food.png,CC0,Mumu,https://opengameart.org/content/health-or-mana-ui-bars
client/textures/illarion/ui/status_health.png,CC0,Mumu,https://opengameart.org/content/health-or-mana-ui-bars
client/textures/illarion/ui/status_mana.png,CC0,Mumu,https://opengameart.org/content/health-or-mana-ui-bars
models/aggressive_mobs/dragon.blend,CC0,Mesh2Motion,https://app.mesh2motion.org
models/aggressive_mobs/fallen.blend,CC0,Mesh2Motion; Lucian Pavel,https://app.mesh2motion.org; https://opengameart.org/content/mobile-ready-zombie
models/aggressive_mobs/ice_dragon.blend,CC0,Mesh2Motion,https://app.mesh2motion.org
models/aggressive_mobs/panther.blend,CC0,BlayTheNinth; Micket,https://seleneworlds.com; https://opengameart.org/content/tiger
models/aggressive_mobs/red_skeleton.blend,CC0,BlayTheNinth; Gord Goodwin,https://seleneworlds.com; https://opengameart.org/content/skeleton-with-rig
models/aggressive_mobs/scorpion.blend,CC0,CDmir,https://opengameart.org/content/alien-bug-animated
models/aggressive_mobs/skeleton.blend,CC0,Gord Goodwin,https://opengameart.org/content/skeleton-with-rig
models/aggressive_mobs/spider.blend,CC0,Mesh2Motion,https://app.mesh2motion.org
models/aggressive_mobs/wasp.blend,CC0,Gary Monsey; MikeMoon,https://opengameart.org/content/modified-wasp; https://opengameart.org/content/3d-hornetwasp
models/aggressive_mobs/wolf.blend,CC0,Mesh2Motion; NewDLC,https://app.mesh2motion.org; https://opengameart.org/content/3d-wolf
models/aggressive_mobs/zombie.blend,CC0,Lucian Pavel,https://opengameart.org/content/mobile-ready-zombie
models/chars/dwarf_male/dwarf_male.blend,CC0,BlayTheNinth; System G6,https://seleneworlds.com; https://opengameart.org/content/modular-rpg-characters
models/chars/human_female/human_female.blend,CC0,System G6,https://opengameart.org/content/modular-rpg-characters
models/chars/human_male/human_male.blend,CC0,System G6,https://opengameart.org/content/modular-rpg-characters
models/chars/lizard/lizard.blend,CC0,BlayTheNinth; System G6,https://seleneworlds.com; https://opengameart.org/content/modular-rpg-characters
models/crafting_stations/anvil/anvil.blend,CC0,jazztickets,https://opengameart.org/content/anvil-3
models/crafting_stations/baking_oven/baking_oven.blend,CC0,BlayTheNinth; CC0 Textures,https://seleneworlds.com; https://cc0-textures.com/t/cc0t-bricks-080-c
models/crafting_stations/blast_furnace.blend,CC0,BlayTheNinth; CC0 Textures,https://seleneworlds.com; https://cc0-textures.com/t/cc0t-bricks-080-c
models/crafting_stations/carpentry_table/carpentry_table.blend,CC0,BlayTheNinth,https://seleneworlds.com
models/crafting_stations/chandler_table/chandler_table.blend,CC0,BlayTheNinth,https://seleneworlds.com
models/crafting_stations/furnace/furnace.blend,CC0,BlayTheNinth; CC0 Textures,https://seleneworlds.com; https://cc0-textures.com/t/cc0t-bricks-080-c
models/crafting_stations/grindstone.blend,CC0,Daniel Andersson,https://opengameart.org/content/medieval-smith-pack
models/crafting_stations/loom/loom.blend,CC0,BlayTheNinth,https://seleneworlds.com
models/crafting_stations/mage_desk/mage_desk.blend,CC0,BlayTheNinth,https://seleneworlds.com
models/crafting_stations/millstone.blend,CC0,BlayTheNinth,https://seleneworlds.com
models/crafting_stations/oilpress.blend,CC0,BlayTheNinth,https://seleneworlds.com
models/crafting_stations/sieve.blend,CC0,BlayTheNinth,https://seleneworlds.com
models/crafting_stations/smoker/smoker.blend,CC0,BlayTheNinth; CC0 Textures,https://seleneworlds.com; https://cc0-textures.com/t/cc0t-bricks-080-c
models/crafting_stations/spinning_wheel.blend,CC0,BlayTheNinth,https://seleneworlds.com
models/crafting_stations/tailoring_table/tailoring_table.blend,CC0,BlayTheNinth,https://seleneworlds.com
models/crafting_stations/tanning_frame/tanning_frame.blend,CC0,Daniel Andersson,https://opengameart.org/content/medieval-props-pack-3
models/crafting_stations/tanning_frame/tanning_frame_empty.blend,CC0,BlayTheNinth; Daniel Andersson,https://seleneworlds.com; https://opengameart.org/content/medieval-props-pack-3
models/crops/cabbage/*,CC0,BlayTheNinth,https://seleneworlds.com
models/crops/carrots/*,CC0,BlayTheNinth; Rattel,https://seleneworlds.com; https://opengameart.org/content/hand-painted-carrot
models/crops/grapes/*,CC0,BlayTheNinth; EasyTree,https://seleneworlds.com; https://extensions.blender.org/add-ons/easy-tree/
models/crops/hops/*,CC0,BlayTheNinth; EasyTree,https://seleneworlds.com; https://extensions.blender.org/add-ons/easy-tree/
models/crops/onions/*,CC0,BlayTheNinth; Rattel,https://seleneworlds.com; https://opengameart.org/content/hand-painted-carrot
models/crops/sugarcanes/*,CC0,BlayTheNinth,https://seleneworlds.com
models/crops/tobacco/*,CC0,BlayTheNinth; EasyTree,https://seleneworlds.com; https://extensions.blender.org/add-ons/easy-tree/
models/crops/tomatoes/*,CC0,BlayTheNinth; EasyTree,https://seleneworlds.com; https://extensions.blender.org/add-ons/easy-tree/
models/crops/wheat/*,CC0,BlayTheNinth; ScratchIO,https://seleneworlds.com; https://opengameart.org/content/2d-cereals
models/foliage/azalea.blend,CC0,Yughues,https://opengameart.org/content/free-handpainted-plants
models/foliage/bellflower.blend,CC0,Yughues,https://opengameart.org/content/free-handpainted-plants
models/foliage/blue_wildflower.blend,CC0,Yughues,https://opengameart.org/content/free-handpainted-plants
models/foliage/bunnytail_grass.blend,CC0,Yughues,https://opengameart.org/content/free-handpainted-plants
models/foliage/dry_sprig.blend,CC0,Yughues,https://opengameart.org/content/free-handpainted-plants
models/foliage/dry_sprig.blend,CC0,Yughues,https://opengameart.org/content/free-handpainted-plants
models/foliage/fern_01.blend,CC0,rubberduck,https://opengameart.org/content/free-plant-pack
models/foliage/fern_02.blend,CC0,rubberduck,https://opengameart.org/content/free-plant-pack
models/foliage/grass_01.blend,CC0,AssetQuest,https://opengameart.org/content/low-poly-halloween-kit
models/foliage/grass_02.blend,CC0,AssetQuest,https://opengameart.org/content/low-poly-halloween-kit
models/foliage/hedge.blend,CC0,Yughues,https://opengameart.org/content/free-hedges
models/foliage/lavender.blend,CC0,Yughues,https://opengameart.org/content/free-handpainted-plants
models/foliage/mushrooms/mushroom_01.blend,CC0,JamesWhite,https://opengameart.org/content/mushrooms-1
models/foliage/mushrooms/mushroom_stalk_01.blend,CC0,BlayTheNinth; JamesWhite,https://seleneworlds.com; https://opengameart.org/content/mushrooms-1
models/foliage/reed.blend,CC0,Aredon,https://opengameart.org/content/lowpoly-reed
models/foliage/rosemary.blend,CC0,Yughues,https://opengameart.org/content/free-handpainted-plants
models/foliage/snowcandle.blend,CC0,Yughues,https://opengameart.org/content/free-handpainted-plants
models/foliage/sunflowers.blend,CC0,BlayTheNinth; para,https://seleneworlds.com; https://opengameart.org/content/paramecijs-vegetation-base-texture-pack
models/furniture/altar/altar.blend,CC0,eugeneloza,https://opengameart.org/content/opendungeons-altar
models/furniture/barrel/barrel.blend,CC0,mastahcez,https://opengameart.org/content/crate-barrel-bundle
models/furniture/bed/bed.blend,CC0,Clint Bellanger,https://opengameart.org/content/bed-low-poly
models/furniture/bookshelf/bookshelf.blend,CC0,Paul Wortmann,https://opengameart.org/content/old-bookshelf-with-books
models/furniture/candle/candelabrum.blend,CC0,BlayTheNinth; marcoscuro1,https://seleneworlds.com; https://opengameart.org/content/candelabrumfrom-my-game-radyavisions-from-the-past
models/furniture/candle/candelabrum_large.blend,CC0,marcoscuro1,https://opengameart.org/content/candelabrumfrom-my-game-radyavisions-from-the-past
models/furniture/candle/candle_holder.blend,CC0,BlayTheNinth; marcoscuro1,https://seleneworlds.com; https://opengameart.org/content/candelabrumfrom-my-game-radyavisions-from-the-past
models/furniture/candle/candle_stand.blend,CC0,AnyRPG,https://opengameart.org/content/medieval-candles
models/furniture/candle/candle_stick.blend,CC0,AnyRPG,https://opengameart.org/content/medieval-candles
models/furniture/chair/chair.blend,CC0,AnyRPG,https://opengameart.org/content/medieval-furniture-0
models/furniture/chair/fancy_chair.blend,CC0,Colorado Stark,https://opengameart.org/content/chair-2
models/furniture/chest/chest.blend,CC0,KillGorack,https://opengameart.org/content/treasure-chest-6
models/furniture/coffin.blend,CC0,Paul Wortmann,https://opengameart.org/content/coffin-0
models/furniture/fireplace/fireplace.blend,CC0,BlayTheNinth,https://seleneworlds.com
models/furniture/lectern/lectern.blend,CC0,BlayTheNinth,https://seleneworlds.com
models/furniture/lever/lever.blend,CC0,BlayTheNinth,https://seleneworlds.com
models/furniture/millstone.blend,CC0,BlayTheNinth,https://seleneworlds.com
models/furniture/mirror/mirror.blend,CC0,BlayTheNinth,https://seleneworlds.com
models/furniture/painting/painting.blend,CC0,BlayTheNinth; Cethiel,https://seleneworlds.com; https://opengameart.org/content/angel-shield-effect
models/furniture/sculpture/sculpture.blend,CC0,BlayTheNinth; CC0 Textures; AnthonyMyers,https://seleneworlds.com; https://cc0-textures.com/t/st-calacatta-aria-polished-marble; https://opengameart.org/content/sara-3
models/furniture/sieve.blend,CC0,BlayTheNinth,https://seleneworlds.com
models/furniture/stool.blend,CC0,BlayTheNinth,https://seleneworlds.com
models/furniture/table/table.blend,CC0,System G6,https://opengameart.org/content/medieval-tavern-props-pack
models/furniture/table/table_round.blend,CC0,System G6,https://opengameart.org/content/medieval-tavern-props-pack
models/furniture/throne/throne.blend,CC0,eugeneloza,https://opengameart.org/content/opendungeons-redwood-throne
models/furniture/toilet.blend,CC0,BlayTheNinth; jazztickets,https://seleneworlds.com; https://opengameart.org/content/toilet
models/furniture/vase/potted_plant.blend,CC0,BlayTheNinth; rubberduck; rubberduck,https://seleneworlds.com; https://opengameart.org/content/free-plant-pack; https://opengameart.org/content/free-mug-pack-1
models/furniture/vase/vase.blend,CC0,rubberduck,https://opengameart.org/content/free-mug-pack-1
models/furniture/wall_torch/wall_torch.blend,CC0,System G6,https://opengameart.org/content/medieval-tavern-props-pack
models/furniture/wine_barrel/wine_barrel.blend,CC0,BlayTheNinth; mastahcez,https://seleneworlds.com; https://opengameart.org/content/crate-barrel-bundle
models/items/axe/axe.blend,CC0,kev93,https://opengameart.org/content/low-poly-axe-0
models/items/hammer/hammer.blend,CC0,System G6,https://opengameart.org/content/medieval-tools-pack
models/items/hammer/hammerhead.blend,CC0,BlayTheNinth; System G6,https://seleneworlds.com; https://opengameart.org/content/medieval-tools-pack
models/items/handle/handle.blend,CC0,BlayTheNinth; kev93,https://seleneworlds.com; https://opengameart.org/content/low-poly-axe-0
models/items/mace/mace.blend,CC0,System G6,https://opengameart.org/content/medieval-weapon-pack
models/items/pickaxe/pickaxe.blend,CC0,System G6,https://opengameart.org/content/medieval-tools-pack
models/items/rolling_pin/rolling_pin.blend,CC0,BlayTheNinth,https://seleneworlds.com
models/items/saw/saw.blend,CC0,System G6,https://opengameart.org/content/medieval-tools-pack
models/items/scythe/scythe.blend,CC0,System G6,https://opengameart.org/content/medieval-tools-pack
models/items/sickle/sickle.blend,CC0,System G6,https://opengameart.org/content/medieval-tools-pack
models/items/snowball/snowball.blend,CC0,oceancucumber,https://opengameart.org/content/low-poly-snow-ball
models/misc/beehive.blend,CC0,BlayTheNinth,https://seleneworlds.com
models/misc/bonepile/bonepile.blend,CC0,BlayTheNinth; Paul Wortmann,https://seleneworlds.com; https://opengameart.org/content/spiked-head-and-skull
models/misc/cobweb.blend,CC0,p0ss,https://opengameart.org/content/spider-webs
models/misc/dead_sheep.blend,CC0,BlayTheNinth; quaternius,https://seleneworlds.com; https://opengameart.org/content/lowpoly-animated-farm-animal-pack
models/misc/rotting_skeleton.blend,CC0,BlayTheNinth; Gord Goodwin,https://seleneworlds.com; https://opengameart.org/content/skeleton-with-rig
models/misc/skull/skull.blend,CC0,BlayTheNinth; Paul Wortmann,https://seleneworlds.com; https://opengameart.org/content/spiked-head-and-skull
models/misc/spike_trap/spike_trap.blend,CC0,BlayTheNinth,https://seleneworlds.com
models/passive_mobs/cow.blend,CC0,quaternius,https://opengameart.org/content/lowpoly-animated-farm-animal-pack
models/passive_mobs/deer.blend,CC0,CDmir,https://opengameart.org/content/old-deer-male
models/passive_mobs/pig.blend,CC0,quaternius,https://opengameart.org/content/lowpoly-animated-farm-animal-pack
models/passive_mobs/pug.blend,CC0,quaternius,https://opengameart.org/content/lowpoly-animated-farm-animal-pack
models/passive_mobs/rabbit.blend,CC0,CDmir,https://opengameart.org/content/rabbit-0
models/passive_mobs/sheep.blend,CC0,quaternius,https://opengameart.org/content/lowpoly-animated-farm-animal-pack
models/rocks/marker_stone.blend,CC0,BlayTheNinth; rubberduck,https://seleneworlds.com; https://opengameart.org/content/more-handpainted-rocks
models/rocks/rock_01.blend,CC0,Yughues,https://opengameart.org/content/rocks-0
models/rocks/rock_02.blend,CC0,Yughues,https://opengameart.org/content/rocks-0
models/rocks/rock_03.blend,CC0,Yughues,https://opengameart.org/content/rocks-0
models/rocks/rock_04.blend,CC0,Yughues,https://opengameart.org/content/rocks-0
models/rocks/rock_05.blend,CC0,Yughues,https://opengameart.org/content/rocks-0
models/rocks/small_rock_01.blend,CC0,rubberduck,https://opengameart.org/content/more-handpainted-rocks
models/rocks/small_rock_02.blend,CC0,rubberduck,https://opengameart.org/content/more-handpainted-rocks
models/rocks/small_rock_03.blend,CC0,rubberduck,https://opengameart.org/content/more-handpainted-rocks
models/rocks/stalagmites/stalagmites.blend,CC0,BlayTheNinth,https://seleneworlds.com
models/structures/banner_pole/banner_pole.blend,CC0,BlayTheNinth; Cethiel,https://seleneworlds.com; https://opengameart.org/content/angel-shield-effect
models/structures/battlements/battlements.blend,CC0,BlayTheNinth,https://seleneworlds.com
models/structures/battlements/battlements_corner.blend,CC0,BlayTheNinth,https://seleneworlds.com
models/structures/bridge/bridge.blend,CC0,BlayTheNinth,https://seleneworlds.com
models/structures/campfire/campfire.blend,CC0,System G6,https://opengameart.org/content/medieval-props-pack
models/structures/campfire/campfire_wood.blend,CC0,Saraskau,https://opengameart.org/content/low-poly-camping-assets
models/structures/campfire/cauldron.blend,CC0,Saraskau,https://opengameart.org/content/low-poly-camping-assets
models/structures/cart/cart.blend,CC0,System G6,https://opengameart.org/content/medieval-props-pack
models/structures/column/column.blend,CC0,XaosXV,https://opengameart.org/content/toscan-column-low-poly
models/structures/dead_tree_trunk/dead_tree.blend,CC0,System G6,https://opengameart.org/content/medieval-props-pack
models/structures/dock/dock.blend,CC0,BlayTheNinth,https://seleneworlds.com
models/structures/fountain/fountain_basin.blend,CC0,AnyRPG,https://opengameart.org/content/medieval-fountains
models/structures/fountain/fountain_round.blend,CC0,AnyRPG,https://opengameart.org/content/medieval-fountains
models/structures/gravestone/gravestone_01.blend,CC0,AssetQuest,https://opengameart.org/content/low-poly-halloween-kit
models/structures/gravestone/gravestone_02.blend,CC0,AssetQuest,https://opengameart.org/content/low-poly-halloween-kit
models/structures/gravestone/gravestone_03.blend,CC0,AssetQuest,https://opengameart.org/content/low-poly-halloween-kit
models/structures/hole/hole.blend,CC0,BlayTheNinth,https://seleneworlds.com
models/structures/ladder/ladder.blend,CC0,Simon Lübeß,https://opengameart.org/content/simple-ladder
models/structures/portal/portal.blend,CC0,HippoDevelopment,https://opengameart.org/content/low-poly-portal
models/structures/roof/roof.blend,CC0,BlayTheNinth,https://seleneworlds.com
models/structures/roof/roof_corner.blend,CC0,BlayTheNinth,https://seleneworlds.com
models/structures/roof_ledge/roof_ledge.blend,CC0,BlayTheNinth,https://seleneworlds.com
models/structures/scarecrow/scarecrow.blend,CC0,BlayTheNinth,https://seleneworlds.com
models/structures/signpost/signpost.blend,CC0,AnyRPG,https://opengameart.org/content/medieval-signs
models/structures/skullpost/skullpost.blend,CC0,Paul Wortmann,https://opengameart.org/content/spiked-head-and-skull
models/structures/statue/knight_statue.blend,CC0,yd,https://opengameart.org/content/knight-statue
models/structures/stonewall/*,CC0,BlayTheNinth; Texture Haven,https://seleneworlds.com; https://cc0-textures.com/t/th-aerial-rocks-02
models/structures/tower_roof/tower_roof.blend,CC0,BlayTheNinth,https://seleneworlds.com
models/structures/well.blend,CC0,Iconoclast,https://opengameart.org/content/covered-well
models/trees/*/*,CC0,BlayTheNinth; Mish7913; EasyTree,https://seleneworlds.com; https://opengameart.org/content/stump; https://extensions.blender.org/add-ons/easy-tree/
models/trees/palm.blend,CC0,FabinhoSC,https://opengameart.org/content/exotic-palms-lowpoly-style
models/walls/*,CC0,BlayTheNinth,https://seleneworlds.com
models/walls/basalt_bricks/*,CC0,BlayTheNinth; CC0 Textures,https://seleneworlds.com; https://cc0-textures.com/t/cc0t-bricks-056
models/walls/bricks/*,CC0,BlayTheNinth; CC0 Textures,https://seleneworlds.com; https://cc0-textures.com/t/cc0t-bricks-080-c
models/walls/dungeon/*,CC0,BlayTheNinth; Texture Haven,https://seleneworlds.com; https://cc0-textures.com/t/th-floor-bricks-02
models/walls/limestone/*,CC0,BlayTheNinth; CC0 Textures,https://seleneworlds.com; https://cc0-textures.com/t/cc0t-rocks-010
models/walls/rocks/*,CC0,BlayTheNinth; CC0 Textures,https://seleneworlds.com; https://cc0-textures.com/t/cc0t-gravel-020
models/walls/ruin/*,CC0,BlayTheNinth; CC0 Textures,https://seleneworlds.com; https://cc0-textures.com/t/cc0t-bricks-076-c
models/walls/sandstone_bricks/*,CC0,BlayTheNinth; Texture Haven,https://seleneworlds.com; https://cc0-textures.com/t/th-concrete-brick-wall-001
models/walls/stone_bricks/*,CC0,BlayTheNinth; CC0 Textures,https://seleneworlds.com; https://cc0-textures.com/t/cc0t-bricks-035
particles/*,CC0,BlayTheNinth; Kenney,https://seleneworlds.com; https://opengameart.org/content/particle-pack-80-sprites
tiles/carpet.png,CC0,CC0 Textures,https://cc0-textures.com/t/cc0t-fabric-029
tiles/dirt.png,CC0,Texture Haven,https://cc0-textures.com/t/th-baseball-playground
tiles/dungeon.png,CC0,Texture Haven,https://cc0-textures.com/t/th-coast-sand-05
tiles/farmland.png,CC0,Texture Haven,https://cc0-textures.com/t/th-brown-mud-03
tiles/forest.png,CC0,Texture Haven,https://cc0-textures.com/t/th-brown-mud-leaves-01
tiles/grass.png,CC0,CC0 Textures,https://cc0-textures.com/t/cc0t-grass-004
tiles/lava.png,CC0,CC0 Textures,https://cc0-textures.com/t/cc0t-lava-004
tiles/marble.png,CC0,Share Textures,https://cc0-textures.com/t/st-marble-15
tiles/parquet.png,CC0,Share Textures,https://cc0-textures.com/t/st-classic-parquet-10
tiles/road.png,CC0,Texture Haven,https://cc0-textures.com/t/th-cobblestone-floor-08
tiles/rocks.png,CC0,Texture Haven,https://cc0-textures.com/t/th-coral-fort-wall-02
tiles/roof.png,CC0,Texture Haven,https://cc0-textures.com/t/th-roof-tiles-14
tiles/sand.png,CC0,BlayTheNinth; CC0 Textures,https://seleneworlds.com; https://cc0-textures.com/t/cc0t-ground-055-s-small
tiles/snow.png,CC0,CC0 Textures,https://cc0-textures.com/t/cc0t-snow-003
tiles/wall.png,CC0,Share Textures,https://cc0-textures.com/t/st-concrete-27
tiles/water/*.png,CC0,BlayTheNinth,https://seleneworlds.com
